"Designator","Footprint","Mid X","Mid Y","Ref X","Ref Y","Pad X","Pad Y","Layer","Rotation","Comment"
""
"Anodos2","HDR2X8","97.5532mm","289.43mm","88.6632mm","288.16mm","88.6632mm","288.16mm","T","360.00","Header 8X2"
"D256","3.2X1.6X1.1","291.42mm","116.254mm","291.42mm","116.254mm","289.67mm","116.254mm","T","360.00","LED2"
"D255","3.2X1.6X1.1","277.92mm","116.254mm","277.92mm","116.254mm","276.17mm","116.254mm","T","360.00","LED2"
"D254","3.2X1.6X1.1","264.4199mm","116.254mm","264.4199mm","116.254mm","262.6699mm","116.254mm","T","360.00","LED2"
"D253","3.2X1.6X1.1","250.92mm","116.254mm","250.92mm","116.254mm","249.17mm","116.254mm","T","360.00","LED2"
"D252","3.2X1.6X1.1","237.42mm","116.254mm","237.42mm","116.254mm","235.67mm","116.254mm","T","360.00","LED2"
"D251","3.2X1.6X1.1","223.92mm","116.254mm","223.92mm","116.254mm","222.17mm","116.254mm","T","360.00","LED2"
"D250","3.2X1.6X1.1","210.42mm","116.254mm","210.42mm","116.254mm","208.67mm","116.254mm","T","360.00","LED2"
"D249","3.2X1.6X1.1","196.92mm","116.254mm","196.92mm","116.254mm","195.17mm","116.254mm","T","360.00","LED2"
"D248","3.2X1.6X1.1","183.42mm","116.254mm","183.42mm","116.254mm","181.67mm","116.254mm","T","360.00","LED2"
"D247","3.2X1.6X1.1","169.92mm","116.254mm","169.92mm","116.254mm","168.17mm","116.254mm","T","360.00","LED2"
"D246","3.2X1.6X1.1","156.42mm","116.254mm","156.42mm","116.254mm","154.67mm","116.254mm","T","360.00","LED2"
"D245","3.2X1.6X1.1","142.92mm","116.254mm","142.92mm","116.254mm","141.17mm","116.254mm","T","360.00","LED2"
"D244","3.2X1.6X1.1","129.42mm","116.254mm","129.42mm","116.254mm","127.67mm","116.254mm","T","360.00","LED2"
"D243","3.2X1.6X1.1","115.92mm","116.254mm","115.92mm","116.254mm","114.17mm","116.254mm","T","360.00","LED2"
"D242","3.2X1.6X1.1","102.42mm","116.254mm","102.42mm","116.254mm","100.67mm","116.254mm","T","360.00","LED2"
"D241","3.2X1.6X1.1","88.92mm","116.254mm","88.92mm","116.254mm","87.17mm","116.254mm","T","360.00","LED2"
"D240","3.2X1.6X1.1","291.42mm","126.254mm","291.42mm","126.254mm","289.67mm","126.254mm","T","360.00","LED2"
"D239","3.2X1.6X1.1","277.9199mm","126.254mm","277.9199mm","126.254mm","276.1699mm","126.254mm","T","360.00","LED2"
"D238","3.2X1.6X1.1","264.4199mm","126.254mm","264.4199mm","126.254mm","262.6699mm","126.254mm","T","360.00","LED2"
"D237","3.2X1.6X1.1","250.92mm","126.254mm","250.92mm","126.254mm","249.17mm","126.254mm","T","360.00","LED2"
"D236","3.2X1.6X1.1","237.42mm","126.254mm","237.42mm","126.254mm","235.6699mm","126.254mm","T","360.00","LED2"
"D235","3.2X1.6X1.1","223.92mm","126.254mm","223.92mm","126.254mm","222.17mm","126.254mm","T","360.00","LED2"
"D234","3.2X1.6X1.1","210.42mm","126.254mm","210.42mm","126.254mm","208.67mm","126.254mm","T","360.00","LED2"
"D233","3.2X1.6X1.1","196.92mm","126.254mm","196.92mm","126.254mm","195.17mm","126.254mm","T","360.00","LED2"
"D232","3.2X1.6X1.1","183.42mm","126.254mm","183.42mm","126.254mm","181.6699mm","126.254mm","T","360.00","LED2"
"D231","3.2X1.6X1.1","169.92mm","126.254mm","169.92mm","126.254mm","168.17mm","126.254mm","T","360.00","LED2"
"D230","3.2X1.6X1.1","156.42mm","126.254mm","156.42mm","126.254mm","154.67mm","126.254mm","T","360.00","LED2"
"D229","3.2X1.6X1.1","142.92mm","126.254mm","142.92mm","126.254mm","141.17mm","126.254mm","T","360.00","LED2"
"D228","3.2X1.6X1.1","129.42mm","126.254mm","129.42mm","126.254mm","127.67mm","126.254mm","T","360.00","LED2"
"D227","3.2X1.6X1.1","115.92mm","126.254mm","115.92mm","126.254mm","114.17mm","126.254mm","T","360.00","LED2"
"D226","3.2X1.6X1.1","102.42mm","126.254mm","102.42mm","126.254mm","100.67mm","126.254mm","T","360.00","LED2"
"D225","3.2X1.6X1.1","88.92mm","126.254mm","88.92mm","126.254mm","87.17mm","126.254mm","T","360.00","LED2"
"D224","3.2X1.6X1.1","291.42mm","136.254mm","291.42mm","136.254mm","289.67mm","136.254mm","T","360.00","LED2"
"D223","3.2X1.6X1.1","277.92mm","136.254mm","277.92mm","136.254mm","276.17mm","136.254mm","T","360.00","LED2"
"D222","3.2X1.6X1.1","264.42mm","136.254mm","264.42mm","136.254mm","262.67mm","136.254mm","T","360.00","LED2"
"D221","3.2X1.6X1.1","250.92mm","136.254mm","250.92mm","136.254mm","249.17mm","136.254mm","T","360.00","LED2"
"D220","3.2X1.6X1.1","237.42mm","136.254mm","237.42mm","136.254mm","235.67mm","136.254mm","T","360.00","LED2"
"D219","3.2X1.6X1.1","223.92mm","136.254mm","223.92mm","136.254mm","222.17mm","136.254mm","T","360.00","LED2"
"D218","3.2X1.6X1.1","210.42mm","136.254mm","210.42mm","136.254mm","208.67mm","136.254mm","T","360.00","LED2"
"D217","3.2X1.6X1.1","196.92mm","136.254mm","196.92mm","136.254mm","195.17mm","136.254mm","T","360.00","LED2"
"D216","3.2X1.6X1.1","183.42mm","136.254mm","183.42mm","136.254mm","181.6699mm","136.254mm","T","360.00","LED2"
"D215","3.2X1.6X1.1","169.92mm","136.254mm","169.92mm","136.254mm","168.17mm","136.254mm","T","360.00","LED2"
"D214","3.2X1.6X1.1","156.42mm","136.254mm","156.42mm","136.254mm","154.67mm","136.254mm","T","360.00","LED2"
"D213","3.2X1.6X1.1","142.92mm","136.254mm","142.92mm","136.254mm","141.17mm","136.254mm","T","360.00","LED2"
"D212","3.2X1.6X1.1","129.42mm","136.254mm","129.42mm","136.254mm","127.67mm","136.254mm","T","360.00","LED2"
"D211","3.2X1.6X1.1","115.92mm","136.254mm","115.92mm","136.254mm","114.17mm","136.254mm","T","360.00","LED2"
"D210","3.2X1.6X1.1","102.42mm","136.254mm","102.42mm","136.254mm","100.67mm","136.254mm","T","360.00","LED2"
"D209","3.2X1.6X1.1","88.92mm","136.254mm","88.92mm","136.254mm","87.17mm","136.254mm","T","360.00","LED2"
"D208","3.2X1.6X1.1","291.42mm","146.254mm","291.42mm","146.254mm","289.67mm","146.254mm","T","360.00","LED2"
"D207","3.2X1.6X1.1","277.92mm","146.254mm","277.92mm","146.254mm","276.17mm","146.254mm","T","360.00","LED2"
"D206","3.2X1.6X1.1","264.4199mm","146.254mm","264.4199mm","146.254mm","262.6699mm","146.254mm","T","360.00","LED2"
"D205","3.2X1.6X1.1","250.92mm","146.254mm","250.92mm","146.254mm","249.1699mm","146.254mm","T","360.00","LED2"
"D204","3.2X1.6X1.1","237.42mm","146.254mm","237.42mm","146.254mm","235.6699mm","146.254mm","T","360.00","LED2"
"D203","3.2X1.6X1.1","223.92mm","146.254mm","223.92mm","146.254mm","222.1699mm","146.254mm","T","360.00","LED2"
"D202","3.2X1.6X1.1","210.42mm","146.254mm","210.42mm","146.254mm","208.6699mm","146.254mm","T","360.00","LED2"
"D201","3.2X1.6X1.1","196.92mm","146.254mm","196.92mm","146.254mm","195.1699mm","146.254mm","T","360.00","LED2"
"D200","3.2X1.6X1.1","183.42mm","146.254mm","183.42mm","146.254mm","181.6699mm","146.254mm","T","360.00","LED2"
"D199","3.2X1.6X1.1","169.92mm","146.254mm","169.92mm","146.254mm","168.17mm","146.254mm","T","360.00","LED2"
"D198","3.2X1.6X1.1","156.42mm","146.254mm","156.42mm","146.254mm","154.67mm","146.254mm","T","360.00","LED2"
"D197","3.2X1.6X1.1","142.92mm","146.254mm","142.92mm","146.254mm","141.17mm","146.254mm","T","360.00","LED2"
"D196","3.2X1.6X1.1","129.42mm","146.254mm","129.42mm","146.254mm","127.67mm","146.254mm","T","360.00","LED2"
"D195","3.2X1.6X1.1","115.92mm","146.254mm","115.92mm","146.254mm","114.17mm","146.254mm","T","360.00","LED2"
"D194","3.2X1.6X1.1","102.42mm","146.254mm","102.42mm","146.254mm","100.67mm","146.254mm","T","360.00","LED2"
"D193","3.2X1.6X1.1","88.92mm","146.254mm","88.92mm","146.254mm","87.17mm","146.254mm","T","360.00","LED2"
"D192","3.2X1.6X1.1","291.42mm","156.254mm","291.42mm","156.254mm","289.67mm","156.254mm","T","360.00","LED2"
"D191","3.2X1.6X1.1","277.92mm","156.254mm","277.92mm","156.254mm","276.17mm","156.254mm","T","360.00","LED2"
"D190","3.2X1.6X1.1","264.42mm","156.254mm","264.42mm","156.254mm","262.67mm","156.254mm","T","360.00","LED2"
"D189","3.2X1.6X1.1","250.92mm","156.254mm","250.92mm","156.254mm","249.17mm","156.254mm","T","360.00","LED2"
"D188","3.2X1.6X1.1","237.42mm","156.254mm","237.42mm","156.254mm","235.6699mm","156.254mm","T","360.00","LED2"
"D187","3.2X1.6X1.1","223.92mm","156.254mm","223.92mm","156.254mm","222.1699mm","156.254mm","T","360.00","LED2"
"D186","3.2X1.6X1.1","210.42mm","156.254mm","210.42mm","156.254mm","208.67mm","156.254mm","T","360.00","LED2"
"D185","3.2X1.6X1.1","196.92mm","156.254mm","196.92mm","156.254mm","195.17mm","156.254mm","T","360.00","LED2"
"D184","3.2X1.6X1.1","183.42mm","156.254mm","183.42mm","156.254mm","181.6699mm","156.254mm","T","360.00","LED2"
"D183","3.2X1.6X1.1","169.92mm","156.254mm","169.92mm","156.254mm","168.17mm","156.254mm","T","360.00","LED2"
"D182","3.2X1.6X1.1","156.42mm","156.254mm","156.42mm","156.254mm","154.67mm","156.254mm","T","360.00","LED2"
"D181","3.2X1.6X1.1","142.92mm","156.254mm","142.92mm","156.254mm","141.17mm","156.254mm","T","360.00","LED2"
"D180","3.2X1.6X1.1","129.42mm","156.254mm","129.42mm","156.254mm","127.67mm","156.254mm","T","360.00","LED2"
"D179","3.2X1.6X1.1","115.92mm","156.254mm","115.92mm","156.254mm","114.17mm","156.254mm","T","360.00","LED2"
"D178","3.2X1.6X1.1","102.42mm","156.254mm","102.42mm","156.254mm","100.67mm","156.254mm","T","360.00","LED2"
"D177","3.2X1.6X1.1","88.92mm","156.254mm","88.92mm","156.254mm","87.17mm","156.254mm","T","360.00","LED2"
"D176","3.2X1.6X1.1","291.42mm","166.254mm","291.42mm","166.254mm","289.67mm","166.254mm","T","360.00","LED2"
"D175","3.2X1.6X1.1","277.92mm","166.254mm","277.92mm","166.254mm","276.17mm","166.254mm","T","360.00","LED2"
"D174","3.2X1.6X1.1","264.42mm","166.254mm","264.42mm","166.254mm","262.67mm","166.254mm","T","360.00","LED2"
"D173","3.2X1.6X1.1","250.92mm","166.254mm","250.92mm","166.254mm","249.17mm","166.254mm","T","360.00","LED2"
"D172","3.2X1.6X1.1","237.42mm","166.254mm","237.42mm","166.254mm","235.67mm","166.254mm","T","360.00","LED2"
"D171","3.2X1.6X1.1","223.92mm","166.254mm","223.92mm","166.254mm","222.17mm","166.254mm","T","360.00","LED2"
"D170","3.2X1.6X1.1","210.42mm","166.254mm","210.42mm","166.254mm","208.6699mm","166.254mm","T","360.00","LED2"
"D169","3.2X1.6X1.1","196.92mm","166.254mm","196.92mm","166.254mm","195.17mm","166.254mm","T","360.00","LED2"
"D168","3.2X1.6X1.1","183.42mm","166.254mm","183.42mm","166.254mm","181.67mm","166.254mm","T","360.00","LED2"
"D167","3.2X1.6X1.1","169.92mm","166.254mm","169.92mm","166.254mm","168.17mm","166.254mm","T","360.00","LED2"
"D166","3.2X1.6X1.1","156.42mm","166.254mm","156.42mm","166.254mm","154.67mm","166.254mm","T","360.00","LED2"
"D165","3.2X1.6X1.1","142.92mm","166.254mm","142.92mm","166.254mm","141.17mm","166.254mm","T","360.00","LED2"
"D164","3.2X1.6X1.1","129.42mm","166.254mm","129.42mm","166.254mm","127.67mm","166.254mm","T","360.00","LED2"
"D163","3.2X1.6X1.1","115.92mm","166.254mm","115.92mm","166.254mm","114.17mm","166.254mm","T","360.00","LED2"
"D162","3.2X1.6X1.1","102.42mm","166.254mm","102.42mm","166.254mm","100.67mm","166.254mm","T","360.00","LED2"
"D161","3.2X1.6X1.1","88.92mm","166.254mm","88.92mm","166.254mm","87.17mm","166.254mm","T","360.00","LED2"
"D160","3.2X1.6X1.1","291.42mm","176.254mm","291.42mm","176.254mm","289.67mm","176.254mm","T","360.00","LED2"
"D159","3.2X1.6X1.1","277.92mm","176.254mm","277.92mm","176.254mm","276.17mm","176.254mm","T","360.00","LED2"
"D158","3.2X1.6X1.1","264.42mm","176.254mm","264.42mm","176.254mm","262.67mm","176.254mm","T","360.00","LED2"
"D157","3.2X1.6X1.1","250.92mm","176.254mm","250.92mm","176.254mm","249.17mm","176.254mm","T","360.00","LED2"
"D156","3.2X1.6X1.1","237.42mm","176.254mm","237.42mm","176.254mm","235.67mm","176.254mm","T","360.00","LED2"
"D155","3.2X1.6X1.1","223.92mm","176.254mm","223.92mm","176.254mm","222.17mm","176.254mm","T","360.00","LED2"
"D154","3.2X1.6X1.1","210.42mm","176.254mm","210.42mm","176.254mm","208.67mm","176.254mm","T","360.00","LED2"
"D153","3.2X1.6X1.1","196.92mm","176.254mm","196.92mm","176.254mm","195.17mm","176.254mm","T","360.00","LED2"
"D152","3.2X1.6X1.1","183.42mm","176.254mm","183.42mm","176.254mm","181.67mm","176.254mm","T","360.00","LED2"
"D151","3.2X1.6X1.1","169.92mm","176.254mm","169.92mm","176.254mm","168.17mm","176.254mm","T","360.00","LED2"
"D150","3.2X1.6X1.1","156.42mm","176.254mm","156.42mm","176.254mm","154.67mm","176.254mm","T","360.00","LED2"
"D149","3.2X1.6X1.1","142.92mm","176.254mm","142.92mm","176.254mm","141.17mm","176.254mm","T","360.00","LED2"
"D148","3.2X1.6X1.1","129.42mm","176.254mm","129.42mm","176.254mm","127.67mm","176.254mm","T","360.00","LED2"
"D147","3.2X1.6X1.1","115.92mm","176.254mm","115.92mm","176.254mm","114.17mm","176.254mm","T","360.00","LED2"
"D146","3.2X1.6X1.1","102.42mm","176.254mm","102.42mm","176.254mm","100.67mm","176.254mm","T","360.00","LED2"
"D145","3.2X1.6X1.1","88.92mm","176.254mm","88.92mm","176.254mm","87.17mm","176.254mm","T","360.00","LED2"
"D144","3.2X1.6X1.1","291.42mm","186.254mm","291.42mm","186.254mm","289.67mm","186.254mm","T","360.00","LED2"
"D143","3.2X1.6X1.1","277.9199mm","186.254mm","277.9199mm","186.254mm","276.1699mm","186.254mm","T","360.00","LED2"
"D142","3.2X1.6X1.1","264.4199mm","186.254mm","264.4199mm","186.254mm","262.6699mm","186.254mm","T","360.00","LED2"
"D141","3.2X1.6X1.1","250.92mm","186.254mm","250.92mm","186.254mm","249.1699mm","186.254mm","T","360.00","LED2"
"D140","3.2X1.6X1.1","237.42mm","186.254mm","237.42mm","186.254mm","235.6699mm","186.254mm","T","360.00","LED2"
"D139","3.2X1.6X1.1","223.92mm","186.254mm","223.92mm","186.254mm","222.1699mm","186.254mm","T","360.00","LED2"
"D138","3.2X1.6X1.1","210.42mm","186.254mm","210.42mm","186.254mm","208.6699mm","186.254mm","T","360.00","LED2"
"D137","3.2X1.6X1.1","196.92mm","186.254mm","196.92mm","186.254mm","195.1699mm","186.254mm","T","360.00","LED2"
"D136","3.2X1.6X1.1","183.42mm","186.254mm","183.42mm","186.254mm","181.6699mm","186.254mm","T","360.00","LED2"
"D135","3.2X1.6X1.1","169.92mm","186.254mm","169.92mm","186.254mm","168.17mm","186.254mm","T","360.00","LED2"
"D134","3.2X1.6X1.1","156.42mm","186.254mm","156.42mm","186.254mm","154.67mm","186.254mm","T","360.00","LED2"
"D133","3.2X1.6X1.1","142.92mm","186.254mm","142.92mm","186.254mm","141.17mm","186.254mm","T","360.00","LED2"
"D132","3.2X1.6X1.1","129.42mm","186.254mm","129.42mm","186.254mm","127.67mm","186.254mm","T","360.00","LED2"
"D131","3.2X1.6X1.1","115.92mm","186.254mm","115.92mm","186.254mm","114.17mm","186.254mm","T","360.00","LED2"
"D130","3.2X1.6X1.1","102.42mm","186.254mm","102.42mm","186.254mm","100.67mm","186.254mm","T","360.00","LED2"
"D129","3.2X1.6X1.1","88.92mm","186.254mm","88.92mm","186.254mm","87.17mm","186.254mm","T","360.00","LED2"
"D128","3.2X1.6X1.1","291.42mm","196.254mm","291.42mm","196.254mm","289.67mm","196.254mm","T","360.00","LED2"
"D127","3.2X1.6X1.1","277.9199mm","196.254mm","277.9199mm","196.254mm","276.1699mm","196.254mm","T","360.00","LED2"
"D126","3.2X1.6X1.1","264.4199mm","196.254mm","264.4199mm","196.254mm","262.6699mm","196.254mm","T","360.00","LED2"
"D125","3.2X1.6X1.1","250.92mm","196.254mm","250.92mm","196.254mm","249.1699mm","196.254mm","T","360.00","LED2"
"D124","3.2X1.6X1.1","237.42mm","196.254mm","237.42mm","196.254mm","235.6699mm","196.254mm","T","360.00","LED2"
"D123","3.2X1.6X1.1","223.92mm","196.254mm","223.92mm","196.254mm","222.17mm","196.254mm","T","360.00","LED2"
"D122","3.2X1.6X1.1","210.42mm","196.254mm","210.42mm","196.254mm","208.67mm","196.254mm","T","360.00","LED2"
"D121","3.2X1.6X1.1","196.92mm","196.254mm","196.92mm","196.254mm","195.17mm","196.254mm","T","360.00","LED2"
"D120","3.2X1.6X1.1","183.42mm","196.254mm","183.42mm","196.254mm","181.6699mm","196.254mm","T","360.00","LED2"
"D119","3.2X1.6X1.1","169.92mm","196.254mm","169.92mm","196.254mm","168.17mm","196.254mm","T","360.00","LED2"
"D118","3.2X1.6X1.1","156.42mm","196.254mm","156.42mm","196.254mm","154.67mm","196.254mm","T","360.00","LED2"
"D117","3.2X1.6X1.1","142.92mm","196.254mm","142.92mm","196.254mm","141.17mm","196.254mm","T","360.00","LED2"
"D116","3.2X1.6X1.1","129.42mm","196.254mm","129.42mm","196.254mm","127.67mm","196.254mm","T","360.00","LED2"
"D115","3.2X1.6X1.1","115.92mm","196.254mm","115.92mm","196.254mm","114.17mm","196.254mm","T","360.00","LED2"
"D114","3.2X1.6X1.1","102.42mm","196.254mm","102.42mm","196.254mm","100.67mm","196.254mm","T","360.00","LED2"
"D113","3.2X1.6X1.1","88.92mm","196.254mm","88.92mm","196.254mm","87.17mm","196.254mm","T","360.00","LED2"
"D112","3.2X1.6X1.1","291.42mm","206.254mm","291.42mm","206.254mm","289.67mm","206.254mm","T","360.00","LED2"
"D111","3.2X1.6X1.1","277.9199mm","206.2539mm","277.9199mm","206.254mm","276.1699mm","206.2539mm","T","360.00","LED2"
"D110","3.2X1.6X1.1","264.4199mm","206.2539mm","264.4199mm","206.254mm","262.6699mm","206.2539mm","T","360.00","LED2"
"D109","3.2X1.6X1.1","250.92mm","206.2539mm","250.92mm","206.254mm","249.1699mm","206.2539mm","T","360.00","LED2"
"D108","3.2X1.6X1.1","237.42mm","206.2539mm","237.42mm","206.254mm","235.6699mm","206.2539mm","T","360.00","LED2"
"D107","3.2X1.6X1.1","223.92mm","206.2539mm","223.92mm","206.254mm","222.1699mm","206.2539mm","T","360.00","LED2"
"D106","3.2X1.6X1.1","210.42mm","206.2539mm","210.42mm","206.254mm","208.6699mm","206.2539mm","T","360.00","LED2"
"D105","3.2X1.6X1.1","196.92mm","206.2539mm","196.92mm","206.254mm","195.1699mm","206.2539mm","T","360.00","LED2"
"D104","3.2X1.6X1.1","183.42mm","206.2539mm","183.42mm","206.254mm","181.6699mm","206.2539mm","T","360.00","LED2"
"D103","3.2X1.6X1.1","169.92mm","206.2539mm","169.92mm","206.254mm","168.17mm","206.2539mm","T","360.00","LED2"
"D102","3.2X1.6X1.1","156.42mm","206.2539mm","156.42mm","206.254mm","154.67mm","206.2539mm","T","360.00","LED2"
"D101","3.2X1.6X1.1","142.92mm","206.2539mm","142.92mm","206.254mm","141.17mm","206.2539mm","T","360.00","LED2"
"D100","3.2X1.6X1.1","129.42mm","206.2539mm","129.42mm","206.254mm","127.67mm","206.2539mm","T","360.00","LED2"
"D99","3.2X1.6X1.1","115.92mm","206.2539mm","115.92mm","206.254mm","114.17mm","206.2539mm","T","360.00","LED2"
"D98","3.2X1.6X1.1","102.42mm","206.2539mm","102.42mm","206.254mm","100.67mm","206.2539mm","T","360.00","LED2"
"D97","3.2X1.6X1.1","88.92mm","206.2539mm","88.92mm","206.254mm","87.17mm","206.2539mm","T","360.00","LED2"
"D96","3.2X1.6X1.1","291.42mm","216.254mm","291.42mm","216.254mm","289.67mm","216.254mm","T","360.00","LED2"
"D95","3.2X1.6X1.1","277.9199mm","216.254mm","277.9199mm","216.254mm","276.1699mm","216.254mm","T","360.00","LED2"
"D94","3.2X1.6X1.1","264.4199mm","216.254mm","264.4199mm","216.254mm","262.6699mm","216.254mm","T","360.00","LED2"
"D93","3.2X1.6X1.1","250.92mm","216.254mm","250.92mm","216.254mm","249.1699mm","216.254mm","T","360.00","LED2"
"D92","3.2X1.6X1.1","237.42mm","216.254mm","237.42mm","216.254mm","235.6699mm","216.254mm","T","360.00","LED2"
"D91","3.2X1.6X1.1","223.92mm","216.254mm","223.92mm","216.254mm","222.1699mm","216.254mm","T","360.00","LED2"
"D90","3.2X1.6X1.1","210.42mm","216.254mm","210.42mm","216.254mm","208.67mm","216.254mm","T","360.00","LED2"
"D89","3.2X1.6X1.1","196.92mm","216.254mm","196.92mm","216.254mm","195.1699mm","216.254mm","T","360.00","LED2"
"D88","3.2X1.6X1.1","183.42mm","216.254mm","183.42mm","216.254mm","181.6699mm","216.254mm","T","360.00","LED2"
"D87","3.2X1.6X1.1","169.92mm","216.254mm","169.92mm","216.254mm","168.17mm","216.254mm","T","360.00","LED2"
"D86","3.2X1.6X1.1","156.42mm","216.254mm","156.42mm","216.254mm","154.67mm","216.254mm","T","360.00","LED2"
"D85","3.2X1.6X1.1","142.92mm","216.254mm","142.92mm","216.254mm","141.17mm","216.254mm","T","360.00","LED2"
"D84","3.2X1.6X1.1","129.42mm","216.254mm","129.42mm","216.254mm","127.67mm","216.254mm","T","360.00","LED2"
"D83","3.2X1.6X1.1","115.92mm","216.254mm","115.92mm","216.254mm","114.17mm","216.254mm","T","360.00","LED2"
"D82","3.2X1.6X1.1","102.42mm","216.254mm","102.42mm","216.254mm","100.67mm","216.254mm","T","360.00","LED2"
"D81","3.2X1.6X1.1","88.92mm","216.254mm","88.92mm","216.254mm","87.17mm","216.254mm","T","360.00","LED2"
"D80","3.2X1.6X1.1","291.42mm","226.254mm","291.42mm","226.254mm","289.67mm","226.254mm","T","360.00","LED2"
"D79","3.2X1.6X1.1","277.92mm","226.254mm","277.92mm","226.254mm","276.17mm","226.254mm","T","360.00","LED2"
"D78","3.2X1.6X1.1","264.42mm","226.254mm","264.42mm","226.254mm","262.67mm","226.254mm","T","360.00","LED2"
"D77","3.2X1.6X1.1","250.92mm","226.254mm","250.92mm","226.254mm","249.17mm","226.254mm","T","360.00","LED2"
"D76","3.2X1.6X1.1","237.42mm","226.254mm","237.42mm","226.254mm","235.67mm","226.254mm","T","360.00","LED2"
"D75","3.2X1.6X1.1","223.92mm","226.254mm","223.92mm","226.254mm","222.1699mm","226.254mm","T","360.00","LED2"
"D74","3.2X1.6X1.1","210.42mm","226.254mm","210.42mm","226.254mm","208.6699mm","226.254mm","T","360.00","LED2"
"D73","3.2X1.6X1.1","196.92mm","226.254mm","196.92mm","226.254mm","195.17mm","226.254mm","T","360.00","LED2"
"D72","3.2X1.6X1.1","183.42mm","226.254mm","183.42mm","226.254mm","181.6699mm","226.254mm","T","360.00","LED2"
"D71","3.2X1.6X1.1","169.92mm","226.254mm","169.92mm","226.254mm","168.17mm","226.254mm","T","360.00","LED2"
"D70","3.2X1.6X1.1","156.42mm","226.254mm","156.42mm","226.254mm","154.67mm","226.254mm","T","360.00","LED2"
"D69","3.2X1.6X1.1","142.92mm","226.254mm","142.92mm","226.254mm","141.17mm","226.254mm","T","360.00","LED2"
"D68","3.2X1.6X1.1","129.42mm","226.254mm","129.42mm","226.254mm","127.67mm","226.254mm","T","360.00","LED2"
"D67","3.2X1.6X1.1","115.92mm","226.254mm","115.92mm","226.254mm","114.17mm","226.254mm","T","360.00","LED2"
"D66","3.2X1.6X1.1","102.42mm","226.254mm","102.42mm","226.254mm","100.67mm","226.254mm","T","360.00","LED2"
"D65","3.2X1.6X1.1","88.92mm","226.254mm","88.92mm","226.254mm","87.17mm","226.254mm","T","360.00","LED2"
"D64","3.2X1.6X1.1","291.42mm","236.254mm","291.42mm","236.254mm","289.67mm","236.254mm","T","360.00","LED2"
"D63","3.2X1.6X1.1","277.92mm","236.2539mm","277.92mm","236.2539mm","276.17mm","236.2539mm","T","360.00","LED2"
"D62","3.2X1.6X1.1","264.42mm","236.2539mm","264.42mm","236.2539mm","262.67mm","236.2539mm","T","360.00","LED2"
"D61","3.2X1.6X1.1","250.92mm","236.2539mm","250.92mm","236.2539mm","249.17mm","236.2539mm","T","360.00","LED2"
"D60","3.2X1.6X1.1","237.42mm","236.2539mm","237.42mm","236.2539mm","235.67mm","236.2539mm","T","360.00","LED2"
"D59","3.2X1.6X1.1","223.92mm","236.2539mm","223.92mm","236.2539mm","222.1699mm","236.2539mm","T","360.00","LED2"
"D58","3.2X1.6X1.1","210.42mm","236.2539mm","210.42mm","236.2539mm","208.6699mm","236.2539mm","T","360.00","LED2"
"D57","3.2X1.6X1.1","196.92mm","236.2539mm","196.92mm","236.2539mm","195.1699mm","236.2539mm","T","360.00","LED2"
"D56","3.2X1.6X1.1","183.42mm","236.2539mm","183.42mm","236.2539mm","181.67mm","236.2539mm","T","360.00","LED2"
"D55","3.2X1.6X1.1","169.92mm","236.2539mm","169.92mm","236.2539mm","168.17mm","236.2539mm","T","360.00","LED2"
"D54","3.2X1.6X1.1","156.42mm","236.2539mm","156.42mm","236.2539mm","154.67mm","236.2539mm","T","360.00","LED2"
"D53","3.2X1.6X1.1","142.92mm","236.2539mm","142.92mm","236.2539mm","141.17mm","236.2539mm","T","360.00","LED2"
"D52","3.2X1.6X1.1","129.42mm","236.2539mm","129.42mm","236.2539mm","127.67mm","236.2539mm","T","360.00","LED2"
"D51","3.2X1.6X1.1","115.92mm","236.2539mm","115.92mm","236.2539mm","114.17mm","236.2539mm","T","360.00","LED2"
"D50","3.2X1.6X1.1","102.42mm","236.2539mm","102.42mm","236.2539mm","100.67mm","236.2539mm","T","360.00","LED2"
"D49","3.2X1.6X1.1","88.92mm","236.2539mm","88.92mm","236.2539mm","87.17mm","236.2539mm","T","360.00","LED2"
"D48","3.2X1.6X1.1","291.42mm","246.254mm","291.42mm","246.254mm","289.67mm","246.254mm","T","360.00","LED2"
"D47","3.2X1.6X1.1","277.9199mm","246.254mm","277.9199mm","246.254mm","276.1699mm","246.254mm","T","360.00","LED2"
"D46","3.2X1.6X1.1","264.4199mm","246.254mm","264.4199mm","246.254mm","262.6699mm","246.254mm","T","360.00","LED2"
"D45","3.2X1.6X1.1","250.92mm","246.254mm","250.92mm","246.254mm","249.1699mm","246.254mm","T","360.00","LED2"
"D44","3.2X1.6X1.1","237.42mm","246.254mm","237.42mm","246.254mm","235.6699mm","246.254mm","T","360.00","LED2"
"D43","3.2X1.6X1.1","223.92mm","246.254mm","223.92mm","246.254mm","222.17mm","246.254mm","T","360.00","LED2"
"D42","3.2X1.6X1.1","210.42mm","246.254mm","210.42mm","246.254mm","208.6699mm","246.254mm","T","360.00","LED2"
"D41","3.2X1.6X1.1","196.92mm","246.254mm","196.92mm","246.254mm","195.17mm","246.254mm","T","360.00","LED2"
"D40","3.2X1.6X1.1","183.42mm","246.254mm","183.42mm","246.254mm","181.6699mm","246.254mm","T","360.00","LED2"
"D39","3.2X1.6X1.1","169.92mm","246.254mm","169.92mm","246.254mm","168.17mm","246.254mm","T","360.00","LED2"
"D38","3.2X1.6X1.1","156.42mm","246.254mm","156.42mm","246.254mm","154.67mm","246.254mm","T","360.00","LED2"
"D37","3.2X1.6X1.1","142.92mm","246.254mm","142.92mm","246.254mm","141.17mm","246.254mm","T","360.00","LED2"
"D36","3.2X1.6X1.1","129.42mm","246.254mm","129.42mm","246.254mm","127.67mm","246.254mm","T","360.00","LED2"
"D35","3.2X1.6X1.1","115.92mm","246.254mm","115.92mm","246.254mm","114.17mm","246.254mm","T","360.00","LED2"
"D34","3.2X1.6X1.1","102.42mm","246.254mm","102.42mm","246.254mm","100.67mm","246.254mm","T","360.00","LED2"
"D33","3.2X1.6X1.1","88.92mm","246.254mm","88.92mm","246.254mm","87.17mm","246.254mm","T","360.00","LED2"
"D32","3.2X1.6X1.1","291.42mm","256.2539mm","291.42mm","256.254mm","289.67mm","256.2539mm","T","360.00","LED2"
"D31","3.2X1.6X1.1","277.9199mm","256.2539mm","277.9199mm","256.254mm","276.1699mm","256.2539mm","T","360.00","LED2"
"D30","3.2X1.6X1.1","264.4199mm","256.2539mm","264.4199mm","256.254mm","262.6699mm","256.2539mm","T","360.00","LED2"
"D29","3.2X1.6X1.1","250.92mm","256.2539mm","250.92mm","256.254mm","249.1699mm","256.2539mm","T","360.00","LED2"
"D28","3.2X1.6X1.1","237.42mm","256.2539mm","237.42mm","256.254mm","235.67mm","256.2539mm","T","360.00","LED2"
"D27","3.2X1.6X1.1","223.92mm","256.2539mm","223.92mm","256.254mm","222.1699mm","256.2539mm","T","360.00","LED2"
"D26","3.2X1.6X1.1","210.42mm","256.2539mm","210.42mm","256.254mm","208.67mm","256.2539mm","T","360.00","LED2"
"D25","3.2X1.6X1.1","196.92mm","256.2539mm","196.92mm","256.254mm","195.17mm","256.2539mm","T","360.00","LED2"
"D24","3.2X1.6X1.1","183.42mm","256.2539mm","183.42mm","256.254mm","181.67mm","256.2539mm","T","360.00","LED2"
"D23","3.2X1.6X1.1","169.92mm","256.2539mm","169.92mm","256.254mm","168.17mm","256.2539mm","T","360.00","LED2"
"D22","3.2X1.6X1.1","156.42mm","256.2539mm","156.42mm","256.254mm","154.67mm","256.2539mm","T","360.00","LED2"
"D21","3.2X1.6X1.1","142.92mm","256.2539mm","142.92mm","256.254mm","141.17mm","256.2539mm","T","360.00","LED2"
"D20","3.2X1.6X1.1","129.42mm","256.2539mm","129.42mm","256.254mm","127.67mm","256.2539mm","T","360.00","LED2"
"D19","3.2X1.6X1.1","115.92mm","256.2539mm","115.92mm","256.254mm","114.17mm","256.2539mm","T","360.00","LED2"
"D18","3.2X1.6X1.1","102.42mm","256.2539mm","102.42mm","256.254mm","100.67mm","256.2539mm","T","360.00","LED2"
"D17","3.2X1.6X1.1","88.92mm","256.2539mm","88.92mm","256.254mm","87.17mm","256.2539mm","T","360.00","LED2"
"D16","3.2X1.6X1.1","291.42mm","266.254mm","291.42mm","266.254mm","289.67mm","266.254mm","T","360.00","LED2"
"D15","3.2X1.6X1.1","277.9199mm","266.254mm","277.9199mm","266.254mm","276.1699mm","266.254mm","T","360.00","LED2"
"D14","3.2X1.6X1.1","264.42mm","266.254mm","264.42mm","266.254mm","262.67mm","266.254mm","T","360.00","LED2"
"D13","3.2X1.6X1.1","250.92mm","266.254mm","250.92mm","266.254mm","249.17mm","266.254mm","T","360.00","LED2"
"D12","3.2X1.6X1.1","237.42mm","266.254mm","237.42mm","266.254mm","235.67mm","266.254mm","T","360.00","LED2"
"D11","3.2X1.6X1.1","223.92mm","266.254mm","223.92mm","266.254mm","222.1699mm","266.254mm","T","360.00","LED2"
"D10","3.2X1.6X1.1","210.42mm","266.254mm","210.42mm","266.254mm","208.67mm","266.254mm","T","360.00","LED2"
"D9","3.2X1.6X1.1","196.92mm","266.254mm","196.92mm","266.254mm","195.17mm","266.254mm","T","360.00","LED2"
"D8","3.2X1.6X1.1","183.42mm","266.254mm","183.42mm","266.254mm","181.67mm","266.254mm","T","360.00","LED2"
"D7","3.2X1.6X1.1","169.92mm","266.254mm","169.92mm","266.254mm","168.17mm","266.254mm","T","360.00","LED2"
"D6","3.2X1.6X1.1","156.42mm","266.254mm","156.42mm","266.254mm","154.67mm","266.254mm","T","360.00","LED2"
"D5","3.2X1.6X1.1","142.92mm","266.254mm","142.92mm","266.254mm","141.17mm","266.254mm","T","360.00","LED2"
"D4","3.2X1.6X1.1","129.42mm","266.254mm","129.42mm","266.254mm","127.67mm","266.254mm","T","360.00","LED2"
"D3","3.2X1.6X1.1","115.92mm","266.254mm","115.92mm","266.254mm","114.17mm","266.254mm","T","360.00","LED2"
"D2","3.2X1.6X1.1","102.42mm","266.254mm","102.42mm","266.254mm","100.67mm","266.254mm","T","360.00","LED2"
"D1","3.2X1.6X1.1","88.92mm","266.254mm","88.92mm","266.254mm","87.17mm","266.254mm","T","360.00","LED2"
"Catodos1","HDR2X8","189.8758mm","278.424mm","180.9858mm","277.154mm","180.9858mm","277.154mm","T","360.00","Header 8X2"
"Anodos1","HDR2X8","97.5532mm","278.424mm","88.6632mm","277.154mm","88.6632mm","277.154mm","T","360.00","Header 8X2"

